Player Name,Likes,Inj,Pos,Salary,Team,Opp,Rest,PS,USG,PER,Opp Pace,Opp DEff,Opp DvP,L2 FGA,L5 FGA,S FGA,L2 Min,L5 Min,S Min,L5 FP,S FP,Floor FP,Ceil FP,Proj Min,Proj FP,Proj Val,Actual Min,Actual FP,Actual Val
Giannis Antetokounmpo,4,,SF,11800,MIL,@BKN,1,123,37,33,105,105,-2%,23,19,20,32,32,31,53.6,57.5,46.1,68.9,31.5,57.8,4.9,25.4,44.4,3.8
James Harden,14,,SG,11500,HOU,LAL,2,119,38,31,103,102,-3%,25,25,25,38,38,38,59.7,60.6,48.4,72.9,36.5,57.5,5.0,39.2,48.7,4.2
LeBron James,13,,SF,11100,LAL,@HOU,2,117,34,27,106,107,8%,18,20,20,35,34,35,52.0,52.7,42.3,63.1,35.0,59.1,5.3,35.4,55.0,5.0
Anthony Davis,8,,PF,10900,LAL,@HOU,2,117,29,28,106,107,3%,12,15,19,33,36,35,52.8,53.4,41.6,65.1,0.0,0.0,0.0,0,0.0,0.0
Karl-Anthony Towns,4,,C,10500,MIN,TOR,0,111,29,28,103,102,-8%,22,18,18,32,34,34,44.4,51.2,39.0,63.5,30.5,43.7,4.2,27,27.2,2.6
Trae Young,12,,PG,10400,ATL,DET,0,113,36,23,101,110,3%,21,21,22,36,36,36,52.8,48.5,36.2,60.8,35.0,48.2,4.6,27.4,35.1,3.4
Kawhi Leonard,5,,PF,10200,LAC,@NOR,1,121,34,26,105,110,4%,21,23,20,29,33,32,51.7,47.1,38.2,56.1,35.5,54.3,5.3,34.4,68.2,6.7
Andre Drummond,18,,C,10100,DET,@ATL,2,114,24,22,106,110,4%,10,14,14,30,38,34,50.3,48.7,35.7,61.7,34.5,54.0,5.3,27,55.9,5.5
Rudy Gobert,8,,C,9500,UTA,SAC,1,116,16,22,100,108,-7%,11,10,9,38,35,35,47.3,41.6,31.5,51.6,34.5,43.9,4.6,33.6,60.0,6.3
Russell Westbrook,13,,PG,9400,HOU,LAL,2,119,34,19,103,102,-3%,23,23,22,37,36,36,48.0,47.4,37.1,57.7,36.5,48.5,5.2,40.3,60.3,6.4
Ben Simmons,8,,PG,9300,PHI,@NYK,0,112,22,20,102,112,2%,15,15,12,39,39,36,43.3,43.0,32.8,53.1,37.0,47.5,5.1,39.7,47.4,5.1
Hassan Whiteside,5,,C,9200,POR,@OKC,0,105,20,25,101,106,0%,13,11,11,37,33,30,44.7,42.5,30.1,54.8,36.0,47.3,5.1,31.7,28.3,3.1
Brandon Ingram,4,,SF,9100,NOR,LAC,1,115,29,22,105,104,-1%,20,21,19,36,38,35,50.9,43.2,33.5,52.8,36.0,46.3,5.1,40.5,37.4,4.1
Joel Embiid,,O,C,9000,PHI,@NYK,0,112,31,26,102,112,-2%,17,18,16,33,32,31,45.6,47.0,35.7,58.4,0.0,0.0,0.0,0,0.0,0.0
Damian Lillard,12,,PG,8900,POR,@OKC,0,105,30,25,101,106,0%,23,18,20,39,37,38,43.7,45.1,35.9,54.3,38.5,46.1,5.2,35.9,42.0,4.7
Devin Booker,5,,SG,8800,PHO,@BOS,1,108,30,21,102,103,-4%,18,18,18,36,37,36,45.0,39.9,28.3,51.5,36.5,39.7,4.5,40.6,66.5,7.6
Nikola Vucevic,11,,C,8700,ORL,@GSW,1,110,26,23,103,109,1%,16,19,17,31,32,32,42.9,42.1,32.7,51.5,32.0,44.0,5.1,33.3,34.1,3.9
Zach LaVine,16,,SG,8600,CHI,CLE,0,111,31,20,101,113,7%,21,21,19,35,36,34,42.9,38.1,26.9,49.3,36.0,45.7,5.3,39.3,73.7,8.6
Kyrie Irving,2,,PG,8500,BKN,MIL,2,112,34,27,107,100,2%,20,21,23,35,33,34,40.8,48.3,34.9,61.7,35.0,47.1,5.5,30.6,43.2,5.1
De'Aaron Fox,6,,PG,8400,SAC,@UTA,2,107,30,21,101,105,-2%,18,18,15,37,36,33,49.4,39.0,26.5,51.5,35.0,40.3,4.8,30.7,38.8,4.6
Kyle Lowry,5,,PG,8300,TOR,@MIN,0,115,24,17,105,107,2%,14,17,15,36,39,39,41.6,40.3,33.3,47.3,34.5,35.9,4.3,28.3,40.4,4.9
Paul George,,O,SF,8200,LAC,@NOR,1,121,31,21,105,110,4%,20,19,18,33,35,31,39.1,39.5,26.2,52.8,0.0,0.0,0.0,0,0.0,0.0
Julius Randle,8,,PF,8000,NYK,PHI,1,108,28,17,101,104,-9%,22,19,16,31,32,32,40.1,35.5,26.4,44.6,33.5,39.1,4.9,34.3,30.9,3.9
Clint Capela,4,,C,7900,HOU,LAL,2,119,16,21,103,102,-12%,11,12,10,35,34,34,44.2,40.9,29.3,52.5,35.0,39.1,4.9,32.6,36.9,4.7
John Collins,10,,PF,7800,ATL,DET,0,113,22,20,101,110,8%,15,13,14,28,29,31,38.6,39.1,29.7,48.5,30.0,40.6,5.2,27.2,28.0,3.6
Shai Gilgeous-Alexander,5,,SG,7700,OKC,POR,0,111,24,18,104,109,-5%,12,13,16,38,35,36,42.8,35.1,24.2,46.0,37.0,37.6,4.9,34.6,39.5,5.1
Deandre Ayton,8,,C,7700,PHO,@BOS,1,108,22,21,102,103,-5%,15,15,14,34,32,31,39.9,38.5,28.9,48.0,34.5,40.7,5.3,35.8,51.0,6.6
Pascal Siakam,8,,SF,7600,TOR,@MIN,0,115,29,19,105,107,-2%,16,21,20,30,33,36,44.1,42.4,32.2,52.7,31.5,37.5,4.9,24.4,31.3,4.1
Jayson Tatum,14,,PF,7600,BOS,PHO,1,112,27,18,104,108,2%,19,18,18,35,34,35,40.0,37.9,27.1,48.8,35.5,43.8,5.8,39.2,49.0,6.4
C.J. McCollum,,,SG,7500,POR,@OKC,0,105,26,17,101,106,-8%,20,19,19,37,36,37,36.8,35.7,25.0,46.4,0.0,0.0,0.0,0,0.0,0.0
Jrue Holiday,1,,SG,7500,NOR,LAC,1,115,27,17,105,104,-2%,16,17,18,35,33,36,39.0,40.1,30.4,49.7,0.0,0.0,0.0,0,0.0,0.0
D'Angelo Russell,10,,SG,7300,GSW,ORL,1,104,33,19,101,104,-3%,18,21,19,35,34,32,41.2,38.2,24.2,52.2,34.0,39.1,5.4,34.5,51.4,7.0
Fred Van Vleet,2,,SG,7200,TOR,@MIN,0,115,24,16,105,107,2%,18,17,15,37,36,37,38.4,38.3,27.9,48.6,27.0,27.8,3.9,28.5,47.8,6.6
Kelly Oubre,,O,SF,7200,PHO,@BOS,1,108,21,16,102,103,-2%,18,15,15,39,38,35,34.6,34.7,23.7,45.7,0.0,0.0,0.0,0,0.0,0.0
Chris Paul,15,,PG,7100,OKC,POR,0,111,23,21,104,109,8%,10,12,12,34,32,32,34.2,35.7,26.5,44.9,33.5,39.1,5.5,27.5,44.3,6.2
Al Horford,8,,PF,7100,PHI,@NYK,0,112,19,16,102,112,8%,14,13,12,33,33,31,38.6,31.4,22.3,40.4,32.0,35.7,5.0,32.9,17.4,2.5
Kevin Love,11,,PF,7000,CLE,@CHI,0,104,23,18,102,105,10%,15,15,13,34,36,32,36.7,34.8,24.1,45.5,32.0,36.9,5.3,34.1,48.0,6.9
Kemba Walker,1,O,PG,7000,BOS,PHO,1,112,29,22,104,108,3%,21,17,18,36,32,33,36.3,37.9,26.6,49.2,0.0,0.0,0.0,0,0.0,0.0
Khris Middleton,2,,SG,6900,MIL,@BKN,1,123,26,21,105,105,-13%,11,13,15,26,28,29,38.9,33.6,26.1,41.2,30.0,34.2,5.0,29,37.8,5.5
Tobias Harris,11,,SF,6800,PHI,@NYK,0,112,24,18,102,112,1%,16,17,16,36,36,35,36.2,35.5,26.1,45.0,35.0,39.0,5.7,34.3,27.1,4.0
Derrick Rose,12,,PG,6700,DET,@ATL,2,114,33,22,106,110,1%,18,18,15,33,32,26,35.2,30.9,22.8,38.9,29.5,36.2,5.4,26.3,44.9,6.7
Donovan Mitchell,16,,SG,6600,UTA,SAC,1,116,30,20,100,108,10%,27,21,21,39,37,36,39.8,39.3,30.6,48.0,34.5,40.2,6.1,31.8,27.8,4.2
Lonzo Ball,3,,PG,6600,NOR,LAC,1,115,22,13,105,104,-2%,18,14,12,44,39,31,37.9,29.7,18.0,41.5,36.5,36.5,5.5,39.2,49.5,7.5
Serge Ibaka,,,PF,6500,TOR,@MIN,0,115,24,17,105,107,-2%,10,13,12,28,32,27,31.9,29.6,20.8,38.4,27.5,31.2,4.8,24.4,24.7,3.8
Spencer Dinwiddie,1,,SG,6400,BKN,MIL,2,112,32,19,107,100,2%,17,16,18,37,34,32,33.9,37.0,26.4,47.7,35.0,36.7,5.7,26.5,17.1,2.7
Steven Adams,0,,C,6300,OKC,POR,0,111,17,22,104,109,6%,9,9,8,29,31,28,38.9,32.6,22.7,42.4,29.0,34.2,5.4,24.1,17.3,2.7
Carmelo Anthony,1,,SF,6300,POR,@OKC,0,105,22,14,101,106,-12%,13,13,14,33,32,33,27.9,29.1,19.2,39.0,35.0,29.8,4.7,32.3,14.8,2.3
Ricky Rubio,7,,PG,6300,PHO,@BOS,1,108,23,17,102,103,-9%,15,11,12,35,35,33,37.8,36.4,25.4,47.3,35.0,35.5,5.6,36,25.5,4.0
Montrezl Harrell,2,,C,6200,LAC,@NOR,1,121,25,23,105,110,4%,13,14,14,21,28,29,33.3,34.4,23.5,45.4,29.0,33.9,5.5,24.7,26.4,4.3
Louis Williams,3,,SG,6100,LAC,@NOR,1,121,30,18,105,110,-2%,14,15,15,22,29,30,32.7,32.2,23.1,41.3,30.5,33.4,5.5,31,52.3,8.6
Andrew Wiggins,5,,SG,6000,MIN,TOR,0,111,28,17,103,102,-1%,15,14,20,33,31,35,26.3,36.9,27.0,46.8,33.0,34.6,5.8,36.1,46.5,7.8
Robert Covington,1,,PF,6000,MIN,TOR,0,111,17,15,103,102,-1%,12,12,10,33,29,29,33.7,28.3,19.0,37.6,31.5,30.8,5.1,33.2,38.1,6.4
Danilo Gallinari,,O,SF,6000,OKC,POR,0,111,23,20,104,109,10%,16,14,14,32,31,31,37.0,30.5,23.1,38.0,0.0,0.0,0.0,0,0.0,0.0
Jaylen Brown,1,O,SF,6000,BOS,PHO,1,112,24,18,104,108,-1%,15,14,15,34,32,34,26.4,33.9,24.7,43.2,0.0,0.0,0.0,0,0.0,0.0
Eric Bledsoe,1,,PG,5900,MIL,@BKN,1,123,25,20,105,105,10%,9,13,12,21,26,26,31.1,31.1,21.8,40.3,27.0,31.4,5.3,27.7,19.5,3.3
R.J. Barrett,,O,SG,5900,NYK,PHI,1,108,23,11,101,104,-9%,13,14,13,36,32,32,29.2,26.4,15.1,37.7,0.0,0.0,0.0,0,0.0,0.0
Josh Richardson,7,,SG,5900,PHI,@NYK,0,112,22,13,102,112,1%,9,13,13,32,34,33,27.4,28.3,19.8,36.9,34.5,33.4,5.7,34.2,29.6,5.0
Tristan Thompson,10,,C,5800,CLE,@CHI,0,104,19,17,102,105,13%,5,10,10,24,33,32,32.5,31.6,19.9,43.3,32.0,32.6,5.6,36.8,31.6,5.4
Collin Sexton,3,,PG,5800,CLE,@CHI,0,104,27,15,102,105,-16%,22,19,16,33,35,32,32.2,27.5,20.6,34.4,33.5,28.4,4.9,33.6,33.4,5.8
Draymond Green,,,PF,5800,GSW,ORL,1,104,18,12,101,104,-3%,7,7,8,32,30,29,28.5,29.1,18.8,39.3,0.0,0.0,0.0,0,0.0,0.0
Buddy Hield,3,,SG,5700,SAC,@UTA,2,107,27,15,101,105,-10%,19,18,18,38,37,35,32.6,32.9,23.5,42.2,35.0,31.3,5.5,34.6,20.1,3.5
Bojan Bogdanovic,8,,SF,5700,UTA,SAC,1,116,26,16,100,108,3%,17,18,16,36,34,34,30.6,28.9,20.2,37.5,32.5,29.9,5.2,30.9,35.9,6.3
Aaron Gordon,5,,PF,5700,ORL,@GSW,1,110,21,14,103,109,-1%,12,12,13,33,31,32,30.3,30.0,21.9,38.0,33.0,32.3,5.7,35.4,19.1,3.4
Derrick Favors,3,,PF,5700,NOR,LAC,1,115,16,20,105,104,-5%,7,7,7,24,26,24,31.1,28.3,15.1,41.4,31.5,38.3,6.7,28.1,42.7,7.5
Gordon Hayward,15,,SF,5700,BOS,PHO,1,112,21,18,104,108,2%,13,12,13,32,32,32,25.2,31.5,20.7,42.3,34.5,36.5,6.4,41.1,44.9,7.9
Nemanja Bjelica,4,,PF,5600,SAC,@UTA,2,107,19,17,101,105,-3%,14,12,10,35,35,28,35.9,26.8,16.6,36.9,33.0,30.8,5.5,33.4,18.1,3.2
Joe Ingles,8,,SF,5600,UTA,SAC,1,116,17,14,100,108,3%,13,11,9,35,30,30,29.6,25.0,14.8,35.2,31.0,28.6,5.1,30.8,27.8,5.0
Evan Fournier,8,,SG,5600,ORL,@GSW,1,110,25,17,103,109,4%,16,15,15,33,34,32,28.4,28.9,21.2,36.5,31.5,30.7,5.5,32.2,21.8,3.9
Dwight Howard,1,,C,5600,LAL,@HOU,2,117,14,19,106,107,-2%,11,8,4,25,25,20,35.9,22.0,12.4,31.6,24.5,27.9,5.0,24.8,34.0,6.1
Kevin Huerter,2,,SG,5600,ATL,DET,0,113,19,13,101,110,-3%,16,13,10,36,32,28,30.6,24.6,14.4,34.9,33.5,30.2,5.4,23.7,2.4,0.4
Dennis Schroder,8,,SG,5500,OKC,POR,0,111,27,15,104,109,8%,17,15,15,37,33,31,27.7,28.5,19.4,37.7,34.0,34.1,6.2,29.1,23.6,4.3
Richaun Holmes,,O,PF,5500,SAC,@UTA,2,107,15,21,101,105,-3%,8,10,9,27,30,30,32.1,31.5,19.9,43.1,0.0,0.0,0.0,0,0.0,0.0
Jarrett Allen,1,,PF,5500,BKN,MIL,2,112,15,21,107,100,0%,8,7,7,28,28,27,26.9,30.5,19.3,41.7,31.0,33.1,6.0,29,32.5,5.9
Jarrett Culver,3,,SF,5400,MIN,TOR,0,111,20,10,103,102,-2%,12,13,10,33,32,25,25.5,20.6,10.2,31.1,33.0,30.1,5.6,30.5,40.3,7.5
Markelle Fultz,14,,PG,5400,ORL,@GSW,1,110,23,14,103,109,8%,18,14,11,31,31,27,32.5,25.4,17.8,33.0,31.5,32.0,5.9,34,37.2,6.9
Elfrid Payton,2,,PG,5400,NYK,PHI,1,108,21,14,101,104,-7%,7,11,9,22,26,26,24.3,26.7,16.9,36.5,28.0,26.7,4.9,31.5,33.9,6.3
Patrick Beverley,1,,PG,5400,LAC,@NOR,1,121,14,13,105,110,7%,6,7,7,22,27,29,31.0,25.9,15.9,35.9,29.5,27.2,5.0,30.6,32.2,6.0
Marcus Morris,8,,SF,5300,NYK,PHI,1,108,,,101,104,-9%,15,15,15,34,32,33,33.1,30.7,18.6,42.7,33.0,31.5,5.9,36.4,30.7,5.8
Darius Garland,,,PG,5200,CLE,@CHI,0,104,22,10,102,105,-16%,14,14,11,29,33,30,28.3,19.7,11.6,27.9,34.0,22.5,4.3,37.6,17.9,3.4
Alec Burks,11,,SF,5200,GSW,ORL,1,104,24,16,101,104,1%,14,14,13,31,29,30,28.0,29.5,18.8,40.1,32.0,30.4,5.8,32,24.2,4.7
O.G. Anunoby,1,,SF,5100,TOR,@MIN,0,115,15,13,105,107,5%,13,11,9,32,32,31,29.1,26.4,15.3,37.5,28.0,24.0,4.7,24.2,4.6,0.9
Gorgui Dieng,1,,C,5100,MIN,TOR,0,111,18,19,103,102,-8%,10,9,7,24,20,18,24.8,21.8,8.3,35.3,17.5,20.4,4.0,18.4,23.4,4.6
Marvin Bagley,8,,PF,5100,SAC,@UTA,2,107,26,16,101,105,-3%,13,12,12,27,24,24,24.9,25.4,20.4,30.4,30.0,29.3,5.7,30.2,35.9,7.0
Enes Kanter,2,,C,5100,BOS,PHO,1,112,20,24,104,108,1%,6,8,7,16,20,20,24.8,25.4,15.2,35.6,19.0,24.8,4.9,18.8,17.5,3.4
Marcus Smart,17,,SG,5100,BOS,PHO,1,112,19,14,104,108,3%,12,10,11,35,31,32,29.2,28.0,18.4,37.6,35.0,33.8,6.6,33.4,66.0,12.9
Christian Wood,1,,PF,5100,DET,@ATL,2,114,21,22,106,110,7%,7,8,6,17,17,17,23.6,19.4,6.5,32.3,15.0,17.9,3.5,16.1,29.9,5.9
Lauri Markkanen,7,P,PF,5000,CHI,CLE,0,111,21,15,101,113,2%,9,9,12,30,30,30,23.4,27.6,18.3,36.9,30.5,28.6,5.7,33,29.1,5.8
Marc Gasol,3,,C,5000,TOR,@MIN,0,115,13,11,105,107,1%,9,9,7,30,31,30,36.5,26.1,16.0,36.2,29.0,26.1,5.2,20.3,19.8,4.0
Harrison Barnes,1,,SF,5000,SAC,@UTA,2,107,18,14,101,105,-6%,13,11,12,38,35,36,23.1,26.5,17.4,35.6,35.0,22.9,4.6,35.5,14.0,2.8
Kent Bazemore,2,,SF,5000,POR,@OKC,0,105,16,8,101,106,-8%,11,8,8,32,30,27,21.9,19.2,11.1,27.3,0.0,0.0,0.0,0,0.0,0.0
Brook Lopez,1,,C,4900,MIL,@BKN,1,123,16,14,105,105,7%,7,8,9,26,25,27,23.6,27.1,16.5,37.7,25.0,25.2,5.1,26.5,40.4,8.2
Bruce Brown,3,,SG,4900,DET,@ATL,2,114,17,12,106,110,7%,8,10,8,22,29,28,29.5,24.0,12.9,35.2,26.5,23.8,4.9,20.6,8.7,1.8
Terrence Ross,3,,SG,4900,ORL,@GSW,1,110,22,14,103,109,8%,14,11,11,30,29,26,24.9,21.5,14.4,28.7,28.0,25.6,5.2,26.8,18.3,3.7
Damion Lee,8,,SG,4900,GSW,ORL,1,104,21,14,101,104,1%,15,13,11,34,32,29,28.4,25.7,15.6,35.8,33.5,28.1,5.7,33.1,22.7,4.6
Tomas Satoransky,2,P,PG,4800,CHI,CLE,0,111,18,15,101,113,7%,8,8,8,27,29,29,23.6,25.4,15.9,35.0,29.0,26.3,5.5,28.7,19.4,4.0
Norman Powell,1,,SG,4800,TOR,@MIN,0,115,19,16,105,107,5%,14,13,11,28,31,29,35.0,25.6,14.1,37.0,26.5,23.3,4.9,24.5,35.6,7.4
Shabazz Napier,5,,PG,4800,MIN,TOR,0,111,23,13,103,102,-2%,7,7,8,29,25,22,18.8,20.8,9.8,31.7,29.5,26.9,5.6,26.2,16.8,3.5
Mitchell Robinson,3,,C,4800,NYK,PHI,1,108,14,23,101,104,-11%,6,5,6,24,22,23,19.1,26.1,17.3,35.0,24.5,26.6,5.5,24.4,24.9,5.2
Sekou Doumbouya,2,,PF,4800,DET,@ATL,2,114,17,13,106,110,7%,11,9,6,31,29,18,23.2,14.3,1.0,27.7,29.0,24.3,5.1,27.6,8.8,1.8
Thaddeus Young,4,,PF,4700,CHI,CLE,0,111,21,12,101,113,2%,7,7,9,27,24,23,19.5,19.9,11.7,28.1,25.5,23.9,5.1,15.2,9.4,2.0
Kris Dunn,5,,PG,4700,CHI,CLE,0,111,16,12,101,113,7%,5,6,7,23,28,25,16.0,22.1,12.5,31.7,29.5,25.8,5.5,32.7,25.6,5.4
Glenn Robinson III,,,SF,4700,GSW,ORL,1,104,16,12,101,104,1%,10,10,11,31,31,32,27.0,23.2,15.5,31.0,0.0,0.0,0.0,0,0.0,0.0
DeAndre Jordan,,O,C,4700,BKN,MIL,2,112,15,21,107,100,0%,6,5,5,24,22,21,21.6,25.7,16.1,35.2,0.0,0.0,0.0,0,0.0,0.0
Kyle Kuzma,4,,PF,4700,LAL,@HOU,2,117,23,12,106,107,3%,12,16,11,26,29,25,28.5,20.2,10.6,29.8,29.0,26.8,5.7,37.5,32.1,6.8
Josh Okogie,1,,SF,4600,MIN,TOR,0,111,15,10,103,102,-1%,5,5,6,24,26,24,25.6,18.5,9.9,27.1,25.0,18.8,4.1,27.1,17.9,3.9
Cedi Osman,3,,SF,4600,CLE,@CHI,0,104,17,11,102,105,2%,11,10,9,23,31,29,19.5,19.9,11.8,28.0,31.5,23.3,5.1,27.9,27.6,6.0
Bogdan Bogdanovic,,,SG,4600,SAC,@UTA,2,107,24,14,101,105,-10%,11,14,12,24,30,28,24.9,25.4,14.3,36.5,24.5,20.5,4.5,22.8,19.8,4.3
Taurean Waller-Prince,2,,SF,4600,BKN,MIL,2,112,19,10,107,100,-10%,9,12,12,31,31,31,26.0,25.7,16.5,34.9,30.0,24.7,5.4,23.9,14.2,3.1
JaVale McGee,3,,C,4600,LAL,@HOU,2,117,15,21,106,107,-2%,5,5,5,23,20,17,25.7,21.2,11.1,31.4,21.5,26.6,5.8,18.2,29.6,6.4
D.J. Augustin,,O,PG,4600,ORL,@GSW,1,110,20,15,103,109,8%,8,8,9,24,26,26,19.5,21.6,12.6,30.7,0.0,0.0,0.0,0,0.0,0.0
Daniel Theis,7,,PF,4600,BOS,PHO,1,112,15,16,104,108,1%,7,7,6,25,23,23,26.2,23.4,16.0,30.8,24.0,26.8,5.8,29.2,31.1,6.8
Rajon Rondo,,O,PG,4500,LAL,@HOU,2,117,22,13,106,107,2%,16,9,7,29,23,22,22.8,21.1,10.1,32.0,0.0,0.0,0.0,0,0.0,0.0
Eric Gordon,3,,SF,4500,HOU,LAL,2,119,21,8,103,102,-1%,19,16,13,31,30,29,22.9,18.4,11.5,25.2,30.5,21.9,4.9,30,17.1,3.8
Mikal Bridges,4,,SF,4500,PHO,@BOS,1,108,12,13,102,103,-2%,7,5,5,34,28,23,18.7,18.2,8.6,27.8,34.5,25.4,5.6,40.5,41.6,9.2
Zion Williamson,,O,PF,4500,NOR,LAC,1,115,,,105,104,-5%,0,0,0,0,0,0,0.0,0.0,0.0,0.0,0.0,0.0,0.0,0,0.0,0.0
Jeff Teague,,,PG,4500,ATL,DET,0,113,22,17,101,110,3%,7,9,10,20,23,28,20.5,26.6,16.0,37.2,21.0,20.0,4.4,25.3,30.1,6.7
Omari Spellman,3,,PF,4500,GSW,ORL,1,104,19,17,101,104,-3%,6,7,6,22,23,18,20.9,18.0,7.7,28.2,24.5,22.8,5.1,21.3,17.6,3.9
Alex Len,,,C,4500,ATL,DET,0,113,18,18,101,110,1%,9,8,7,21,23,20,25.2,21.3,10.7,31.8,0.0,0.0,0.0,0,0.0,0.0
Daniel Gafford,,O,PF,4400,CHI,CLE,0,111,13,18,101,113,2%,3,4,3,11,18,13,16.5,12.6,2.9,22.4,0.0,0.0,0.0,0,0.0,0.0
Terence Davis,,,SG,4400,TOR,@MIN,0,115,18,15,105,107,-2%,12,10,6,20,20,18,24.6,16.5,6.2,26.7,10.5,9.9,2.3,10.5,0.7,0.2
Trevor Ariza,,,SF,4400,SAC,@UTA,2,107,12,10,101,105,-6%,5,7,5,24,29,25,23.8,17.3,7.5,27.1,0.0,0.0,0.0,0,0.0,0.0
Caris LeVert,1,,SG,4400,BKN,MIL,2,112,28,11,107,100,-4%,12,14,14,25,24,28,22.2,24.8,16.9,32.7,27.0,23.9,5.4,24.9,13.6,3.1
J.J. Redick,,,SG,4400,NOR,LAC,1,115,19,16,105,104,-1%,12,11,11,29,29,29,26.2,23.2,14.2,32.2,26.0,21.3,4.8,30,22.4,5.1
Joe Harris,,O,SF,4400,BKN,MIL,2,112,18,13,107,100,-10%,10,10,12,30,33,32,21.2,24.2,15.9,32.4,0.0,0.0,0.0,0,0.0,0.0
Sviatoslav Mykhailiuk,1,,SG,4400,DET,@ATL,2,114,16,11,106,110,21%,9,9,6,32,31,21,21.4,13.1,4.7,21.5,29.0,20.1,4.6,28.9,35.9,8.2
Isaiah Hartenstein,,,PF,4400,HOU,LAL,2,119,,,103,102,-7%,0,3,3,3,10,13,15.7,14.9,-1.0,30.8,0.0,0.0,0.0,0,0.0,0.0
Jordan Clarkson,1,,SG,4300,UTA,SAC,1,116,26,18,100,108,-4%,12,15,12,23,26,24,24.3,22.1,13.2,30.9,22.0,20.1,4.7,27,29.5,6.9
Ivica Zubac,1,,C,4300,LAC,@NOR,1,121,17,22,105,110,2%,6,4,6,23,18,18,20.4,20.8,12.1,29.4,19.5,22.1,5.1,15.6,9.6,2.2
Bobby Portis,,,C,4300,NYK,PHI,1,108,21,15,101,104,-9%,11,10,9,22,24,22,24.2,21.1,11.1,31.2,18.5,18.2,4.2,13.8,4.4,1.0
Eric Paschall,5,,PF,4300,GSW,ORL,1,104,21,15,101,104,-3%,9,9,11,23,21,28,21.5,23.4,12.8,34.0,31.5,23.9,5.6,34.6,37.3,8.7
Josh Hart,2,,SG,4300,NOR,LAC,1,115,16,11,105,104,-1%,8,9,9,36,35,29,25.5,24.1,16.0,32.2,33.0,25.8,6.0,34.5,31.5,7.3
Willie Cauley-Stein,5,,C,4300,GSW,ORL,1,104,14,16,101,104,-8%,5,5,6,25,21,23,17.9,23.7,15.6,31.8,24.5,23.7,5.5,25.1,23.2,5.4
Luke Kennard,,O,SF,4300,DET,@ATL,2,114,20,15,106,110,7%,10,11,12,32,34,33,22.9,26.6,18.0,35.2,0.0,0.0,0.0,0,0.0,0.0
Ben McLemore,,,SG,4300,HOU,LAL,2,119,16,12,103,102,-1%,14,10,9,31,29,25,21.3,17.6,8.8,26.3,28.5,18.6,4.3,23.6,12.9,3.0
Patrick Mccaw,,,SG,4200,TOR,@MIN,0,115,12,8,105,107,3%,4,6,6,24,29,28,18.3,16.3,6.0,26.6,16.0,9.8,2.3,21.6,15.2,3.6
Luke Kornet,11,,PF,4200,CHI,CLE,0,111,,,101,113,2%,10,7,4,32,24,12,20.8,9.9,0.6,19.1,29.0,25.8,6.1,21.9,21.6,5.1
Danny Green,1,,SG,4200,LAL,@HOU,2,117,14,12,106,107,6%,10,7,7,20,22,25,19.5,19.1,10.0,28.2,23.0,19.2,4.6,32.6,41.5,9.9
Matisse Thybulle,8,,SF,4200,PHI,@NYK,0,112,12,10,102,112,2%,6,5,4,32,26,19,19.0,14.3,4.0,24.6,31.0,24.8,5.9,29.1,15.6,3.7
Donte DiVincenzo,,,SG,4200,MIL,@BKN,1,123,17,15,105,105,0%,10,10,8,22,23,24,26.7,22.9,14.7,31.0,25.0,22.3,5.3,25.6,28.2,6.7
Cam Reddish,,,SF,4200,ATL,DET,0,113,18,6,101,110,8%,9,11,9,30,28,26,25.9,18.8,9.6,28.1,30.0,22.2,5.3,29.6,11.2,2.7
E'Twaun Moore,,,SF,4200,NOR,LAC,1,115,21,13,105,104,-1%,15,12,10,33,26,22,22.1,19.2,10.9,27.4,23.5,20.4,4.9,18.4,13.7,3.3
De'Andre Hunter,0,,SF,4200,ATL,DET,0,113,17,8,101,110,3%,9,9,11,27,29,31,19.5,20.2,10.5,29.9,30.0,19.9,4.7,30.5,35.5,8.5
John Henson,,O,PF,4100,CLE,@CHI,0,104,17,19,102,105,10%,7,6,4,16,16,14,19.1,16.9,8.3,25.6,0.0,0.0,0.0,0,0.0,0.0
Mike Muscala,,,PF,4100,OKC,POR,0,111,17,10,104,109,1%,8,7,4,29,22,12,17.5,9.4,1.5,17.3,21.0,18.2,4.4,4.7,4.5,1.1
Royce O'Neale,1,,PF,4100,UTA,SAC,1,116,9,9,100,108,3%,5,4,5,34,30,30,21.5,18.6,11.6,25.5,28.0,17.9,4.4,32.6,21.2,5.2
Jaxson Hayes,,,C,4100,NOR,LAC,1,115,15,18,105,104,-5%,3,7,5,16,22,21,28.8,21.0,11.6,30.3,16.0,17.7,4.3,15.6,28.0,6.8
Aron Baynes,1,,C,4100,PHO,@BOS,1,108,20,16,102,103,-5%,5,6,9,15,18,24,13.8,23.5,12.8,34.3,17.5,15.9,3.9,12.2,5.9,1.4
Keita Bates-Diop,,,SF,4000,MIN,TOR,0,111,16,13,103,102,-1%,6,6,6,16,18,19,17.1,14.8,5.2,24.5,16.5,13.3,3.3,14.8,12.4,3.1
Nerlens Noel,8,,PF,4000,OKC,POR,0,111,15,23,104,109,6%,3,5,5,15,18,20,27.2,24.1,16.4,31.8,18.5,23.1,5.8,19.2,36.0,9.0
Emmanuel Mudiay,,,PG,4000,UTA,SAC,1,116,22,14,100,108,-4%,6,9,7,15,23,18,21.7,15.4,7.9,23.0,0.0,0.0,0.0,3.3,3.2,0.8
Jordan Poole,,,SG,4000,GSW,ORL,1,104,20,5,101,104,-3%,11,8,8,20,19,21,15.7,13.9,6.6,21.3,22.0,15.8,4.0,27.8,28.6,7.2
Kyle O'Quinn,,,C,4000,PHI,@NYK,0,112,,,102,112,-2%,5,2,3,21,10,10,11.7,11.8,1.4,22.3,0.0,0.0,0.0,0,0.0,0.0
Kentavious Caldwell-Pope,1,,SG,4000,LAL,@HOU,2,117,15,12,106,107,6%,10,8,8,27,25,26,20.8,17.8,11.7,23.8,28.0,21.9,5.5,33.5,37.6,9.4
Rondae Hollis-Jefferson,,,PF,3900,TOR,@MIN,0,115,18,16,105,107,5%,1,6,7,13,18,21,17.3,20.7,11.7,29.6,0.0,0.0,0.0,24,33.2,8.5
Chris Boucher,,,PF,3900,TOR,@MIN,0,115,19,21,105,107,-2%,4,5,5,7,13,13,17.2,15.6,4.0,27.3,0.0,0.0,0.0,3.3,5.9,1.5
Coby White,1,,PG,3900,CHI,CLE,0,111,23,10,101,113,7%,11,11,11,24,24,24,20.7,20.3,11.3,29.4,23.5,20.6,5.3,19.6,21.3,5.5
Naz Reid,,,PF,3900,MIN,TOR,0,111,,,103,102,-8%,8,8,8,13,14,13,15.4,15.2,5.9,24.4,0.0,0.0,0.0,2.7,1.5,0.4
Anthony Tolliver,,,PF,3900,POR,@OKC,0,105,11,8,101,106,-12%,5,6,4,15,20,17,17.2,10.1,2.3,18.0,0.0,0.0,0.0,0,0.0,0.0
Mike Conley,3,,PG,3900,UTA,SAC,1,116,24,12,100,108,-4%,11,11,13,24,27,30,22.2,26.6,17.4,35.8,20.5,19.7,5.1,15.2,14.7,3.8
Marquese Chriss,,,PF,3900,GSW,ORL,1,104,19,17,101,104,-3%,6,6,5,13,20,18,21.4,19.6,9.3,29.8,18.0,17.2,4.4,15,14.4,3.7
Wesley Iwundu,,,SF,3900,ORL,@GSW,1,110,14,9,103,109,4%,8,7,4,30,25,18,19.2,12.0,4.9,19.1,23.0,16.2,4.2,20.7,10.6,2.7
DeAndre Bembry,,,SG,3900,ATL,DET,0,113,15,10,101,110,3%,3,5,6,21,18,22,13.1,17.2,6.9,27.4,17.0,13.6,3.5,20.1,14.9,3.8
Garrett Temple,,O,SG,3900,BKN,MIL,2,112,17,10,107,100,-4%,8,11,10,25,30,30,20.4,21.6,13.5,29.8,0.0,0.0,0.0,0,0.0,0.0
Markieff Morris,0,,SF,3900,DET,@ATL,2,114,21,13,106,110,7%,13,9,9,20,17,23,15.9,18.9,10.3,27.6,19.0,17.7,4.5,20.4,28.2,7.2
Kevin Porter,,O,SF,3800,CLE,@CHI,0,104,20,10,102,105,-16%,7,10,7,22,25,22,18.5,16.7,9.4,24.1,0.0,0.0,0.0,0,0.0,0.0
Larry Nance Jr.,5,,PF,3800,CLE,@CHI,0,104,14,15,102,105,10%,5,5,6,21,23,24,18.9,21.4,12.5,30.4,22.5,22.1,5.8,25.1,20.5,5.4
JaMychal Green,1,,PF,3800,LAC,@NOR,1,121,14,11,105,110,4%,5,6,6,22,23,22,18.8,18.3,9.7,26.8,23.5,21.2,5.6,14.9,6.6,1.7
Maurice Harkless,,O,SF,3800,LAC,@NOR,1,121,10,10,105,110,4%,4,4,4,20,21,23,14.1,16.1,8.2,24.1,0.0,0.0,0.0,0,0.0,0.0
Reggie Bullock,4,,SG,3800,NYK,PHI,1,108,,,101,104,-3%,12,11,10,26,26,24,19.3,18.7,11.5,25.9,28.5,21.0,5.5,34.8,26.6,7.0
Ersan Ilyasova,,,PF,3800,MIL,@BKN,1,123,17,18,105,105,-2%,8,5,6,16,14,17,12.7,18.1,9.0,27.2,13.0,13.6,3.6,10.8,7.1,1.9
P.J. Tucker,2,,PF,3800,HOU,LAL,2,119,9,9,103,102,-4%,2,3,6,34,34,36,16.2,22.8,12.8,32.7,31.0,17.3,4.6,34.6,15.1,4.0
Frank Jackson,,,PG,3800,NOR,LAC,1,115,21,8,105,104,-2%,9,8,6,29,19,14,14.4,9.4,0.2,18.6,12.0,8.5,2.2,14.1,9.5,2.5
Landry Shamet,,,PG,3800,LAC,@NOR,1,121,13,8,105,110,-2%,12,9,8,29,27,28,14.0,15.1,8.9,21.3,28.0,15.5,4.1,29.9,17.3,4.6
Alfonzo McKinnie,,,SF,3700,CLE,@CHI,0,104,14,6,102,105,2%,6,6,4,24,22,13,18.2,8.6,0.4,16.8,22.0,15.7,4.2,20.3,15.2,4.1
Dean Wade,,,PF,3700,CLE,@CHI,0,104,,,102,105,10%,3,2,1,10,7,7,8.9,6.8,-1.5,15.1,0.0,0.0,0.0,0,0.0,0.0
Otto Porter,,O,SF,3700,CHI,CLE,0,111,,,101,113,4%,11,11,10,27,29,27,21.9,19.8,11.2,28.4,0.0,0.0,0.0,0,0.0,0.0
Tony Bradley,,,C,3700,UTA,SAC,1,116,17,20,100,108,-7%,3,3,3,13,13,10,15.4,11.2,2.7,19.7,12.5,13.8,3.7,12.6,6.4,1.7
Dewayne Dedmon,,,C,3700,SAC,@UTA,2,107,19,8,101,105,1%,4,3,5,8,11,14,8.9,11.3,4.4,18.2,0.0,0.0,0.0,12.2,13.2,3.6
Anfernee Simons,10,,PG,3700,POR,@OKC,0,105,19,9,101,106,-8%,7,7,9,24,22,22,13.8,15.2,7.8,22.6,33.5,22.6,6.1,35.3,17.1,4.6
Cory Joseph,,,PG,3700,SAC,@UTA,2,107,15,9,101,105,-2%,4,6,6,20,22,26,13.0,17.1,8.9,25.4,18.0,11.8,3.2,22.9,11.8,3.2
Harry Giles,,,PF,3700,SAC,@UTA,2,107,,,101,105,-3%,4,6,5,11,14,11,14.5,11.5,5.1,17.9,12.5,11.7,3.2,3.3,1.5,0.4
Frank Ntilikina,,,PG,3700,NYK,PHI,1,108,16,10,101,104,-7%,7,7,6,20,20,23,18.1,17.0,5.1,28.9,19.0,14.6,3.9,16.5,6.6,1.8
Alex Caruso,,,PG,3700,LAL,@HOU,2,117,14,11,106,107,6%,7,6,5,19,20,20,16.5,14.2,7.2,21.2,17.5,14.5,3.9,18.1,18.2,4.9
Tony Snell,,,SG,3700,DET,@ATL,2,114,11,9,106,110,7%,5,7,7,29,31,27,16.6,14.3,8.0,20.6,28.5,16.5,4.5,19.1,21.2,5.7
Mike Scott,,,PF,3700,PHI,@NYK,0,112,13,9,102,112,8%,4,6,5,15,20,19,12.8,11.5,5.1,17.9,11.5,8.1,2.2,13.7,15.2,4.1
Taj Gibson,,,PF,3700,NYK,PHI,1,108,14,13,101,104,-9%,2,5,4,12,19,16,14.6,13.5,5.4,21.7,16.5,13.3,3.6,23.5,16.3,4.4
Kadeem Allen,,O,SG,3700,NYK,PHI,1,108,,,101,104,-4%,7,5,5,15,11,11,11.5,10.2,0.1,20.4,0.0,0.0,0.0,0,0.0,0.0
Rodions Kurucs,,,PF,3700,BKN,MIL,2,112,15,9,107,100,1%,4,5,3,14,19,13,15.1,9.1,2.4,15.9,21.0,15.8,4.3,19.2,9.1,2.5
Jordan McLaughlin,,,PG,3600,MIN,TOR,0,111,,,103,102,-2%,5,5,5,16,15,16,15.7,13.5,2.4,24.6,14.5,11.5,3.2,21.4,14.1,3.9
Ante Zizic,,O,C,3600,CLE,@CHI,0,104,,,102,105,10%,3,4,3,9,12,10,15.1,10.2,2.2,18.2,0.0,0.0,0.0,0,0.0,0.0
Dante Exum,,,PG,3600,CLE,@CHI,0,104,,,102,105,-16%,5,6,4,18,20,12,13.2,8.2,0.5,15.9,16.0,12.6,3.5,15.3,5.5,1.5
Gary Trent,,,SG,3600,POR,@OKC,0,105,14,9,101,106,-8%,4,5,4,19,20,13,13.9,8.2,1.6,14.9,26.0,15.5,4.3,36,49.5,13.8
Khem Birch,,,PF,3600,ORL,@GSW,1,110,9,10,103,109,1%,1,2,3,17,23,24,13.8,15.6,6.1,25.2,20.5,16.3,4.5,16.5,7.2,2.0
Brandon Goodwin,,,PG,3600,ATL,DET,0,113,,,101,110,3%,6,9,6,14,18,14,15.0,13.0,2.1,24.0,0.0,0.0,0.0,4.3,2.0,0.6
Tim Frazier,,,PG,3600,DET,@ATL,2,114,20,11,106,110,1%,3,4,4,12,14,13,9.8,11.3,3.2,19.4,12.5,10.7,3.0,21.7,8.9,2.5
Kevin Knox,1,,SF,3600,NYK,PHI,1,108,,,101,104,-3%,8,8,7,20,21,20,16.1,15.3,7.7,22.9,18.5,13.3,3.7,11.7,10.9,3.0
Nicolo Melli,,,PF,3600,NOR,LAC,1,115,15,11,105,104,-5%,9,6,5,32,21,15,16.4,11.8,1.9,21.7,21.0,17.8,4.9,5.7,-2.0,-0.6
Nickeil Alexander-Walker,,,SG,3600,NOR,LAC,1,115,23,9,105,104,-2%,8,8,6,15,19,14,16.3,11.9,2.2,21.6,0.0,0.0,0.0,14,14.9,4.1
Jerome Robinson,,,PG,3600,LAC,@NOR,1,121,16,6,105,110,-2%,5,2,4,15,9,12,6.8,7.5,-0.7,15.8,13.5,8.6,2.4,20.9,4.2,1.2
George Hill,,,PG,3600,MIL,@BKN,1,123,16,19,105,105,10%,6,6,7,22,22,22,21.7,20.2,13.2,27.2,20.5,18.9,5.2,14.8,12.9,3.6
Ty Jerome,,,SG,3600,PHO,@BOS,1,108,,,102,103,-9%,0,3,4,1,8,11,6.1,10.1,1.1,19.0,0.0,0.0,0.0,4.8,4.2,1.2
Avery Bradley,,,SG,3600,LAL,@HOU,2,117,15,8,106,107,6%,7,6,8,19,22,24,11.4,14.2,6.3,22.1,23.5,15.5,4.3,17.9,8.6,2.4
Robert Williams,,O,C,3600,BOS,PHO,1,112,12,18,104,108,1%,2,2,3,16,12,14,12.1,16.4,7.5,25.2,0.0,0.0,0.0,0,0.0,0.0
Wilson Chandler,,,SF,3600,BKN,MIL,2,112,15,9,107,100,-10%,6,5,6,17,18,20,15.5,15.4,9.8,21.0,18.5,12.7,3.5,20.2,19.8,5.5
Quinn Cook,,,PG,3600,LAL,@HOU,2,117,20,11,106,107,2%,11,7,5,23,14,13,15.4,9.5,0.4,18.7,17.0,14.3,4.0,4.7,8.2,2.3
Reggie Jackson,,O,PG,3600,DET,@ATL,2,114,,,106,110,1%,6,6,6,18,18,18,13.5,13.5,12.4,14.6,0.0,0.0,0.0,0,0.0,0.0
Cameron Johnson,,,SF,3600,PHO,@BOS,1,108,15,12,102,103,-9%,7,4,6,24,16,20,11.4,14.5,5.9,23.0,0.0,0.0,0.0,0,0.0,0.0
Chris Chiozza,,,PG,3600,BKN,MIL,2,112,,,107,100,2%,6,5,3,16,15,12,15.1,11.4,3.7,19.1,0.0,0.0,0.0,7.2,2.7,0.8
Thon Maker,,,C,3600,DET,@ATL,2,114,14,12,106,110,4%,1,3,2,4,11,11,10.2,8.7,1.5,15.9,0.0,0.0,0.0,4.9,5.7,1.6
Troy Daniels,,,SG,3600,LAL,@HOU,2,117,15,10,106,107,6%,6,5,4,12,11,12,11.1,7.4,1.3,13.4,0.0,0.0,0.0,13.1,3.0,0.8
Jabari Parker,,O,PF,3600,ATL,DET,0,113,23,18,101,110,8%,6,9,12,15,18,26,18.7,28.4,15.1,41.6,0.0,0.0,0.0,0,0.0,0.0
Damian Jones,,,C,3600,ATL,DET,0,113,12,16,101,110,1%,4,2,4,20,14,17,10.2,14.6,6.5,22.7,14.0,12.9,3.6,11.6,9.4,2.6
Ky Bowman,,,PG,3600,GSW,ORL,1,104,18,10,101,104,-3%,7,7,7,21,21,23,14.3,17.1,6.2,28.0,18.0,13.7,3.8,16.6,2.9,0.8
Danuel House,1,,SF,3600,HOU,LAL,2,119,13,11,103,102,-7%,5,5,8,24,29,31,11.2,20.3,11.4,29.3,25.0,16.3,4.5,23.2,18.4,5.1
Michael Carter-Williams,,,PG,3600,ORL,@GSW,1,110,18,13,103,109,8%,3,6,5,16,18,16,18.2,15.6,6.3,24.9,16.0,16.4,4.6,14,13.5,3.8
Allen Crabbe,,,SG,3500,MIN,TOR,0,111,13,7,103,102,-1%,3,3,5,17,16,19,8.2,11.0,4.3,17.6,0.0,0.0,0.0,0,0.0,0.0
Dylan Windler,,O,SG,3500,CLE,@CHI,0,104,,,102,105,-16%,0,0,0,0,0,0,0.0,0.0,0.0,0.0,0.0,0.0,0.0,0,0.0,0.0
Oshae Brissett,,O,SF,3500,TOR,@MIN,0,115,,,105,107,-2%,3,4,2,6,12,9,8.0,5.2,-1.8,12.3,0.0,0.0,0.0,0,0.0,0.0
Matthew Mooney,,O,PG,3500,CLE,@CHI,0,104,,,102,105,-16%,0,0,0,0,0,0,0.0,0.0,0.0,0.0,0.0,0.0,0.0,0,0.0,0.0
Brandon Knight,,O,PG,3500,CLE,@CHI,0,104,,,102,105,-16%,5,6,5,19,21,14,10.3,9.1,1.6,16.6,0.0,0.0,0.0,0,0.0,0.0
Matt Thomas,,,SG,3500,TOR,@MIN,0,115,,,105,107,2%,4,5,4,10,12,12,8.5,8.3,4.1,12.5,0.0,0.0,0.0,3.3,1.2,0.3
Max Strus,,O,SF,3500,CHI,CLE,0,111,,,101,113,7%,2,2,2,3,3,3,3.1,3.1,-1.3,7.5,0.0,0.0,0.0,0,0.0,0.0
Kelan Martin,,O,SF,3500,MIN,TOR,0,111,16,6,103,102,3%,8,8,6,17,24,17,16.4,11.7,3.2,20.3,0.0,0.0,0.0,0,0.0,0.0
Tyler Cook,,,PF,3500,CLE,@CHI,0,104,,,102,105,10%,1,1,1,6,5,4,3.7,3.6,1.6,5.6,0.0,0.0,0.0,0,0.0,0.0
Adam Mokoka,,O,SG,3500,CHI,CLE,0,111,,,101,113,14%,3,3,3,3,3,3,1.2,1.2,-0.5,2.9,0.0,0.0,0.0,0,0.0,0.0
Chandler Hutchison,,P,SF,3500,CHI,CLE,0,111,,,101,113,4%,7,5,5,16,14,15,12.1,12.2,4.8,19.7,13.5,11.0,3.1,22.3,21.1,6.0
Jake Layman,,O,SF,3500,MIN,TOR,0,111,17,10,103,102,-1%,11,10,10,32,31,27,23.2,19.0,12.0,26.1,0.0,0.0,0.0,0,0.0,0.0
Ryan Arcidiacono,,P,PG,3500,CHI,CLE,0,111,13,8,101,113,7%,4,3,4,16,15,16,8.1,9.6,3.5,15.6,13.0,9.2,2.6,5,6.2,1.8
Denzel Valentine,,,SF,3500,CHI,CLE,0,111,21,15,101,113,4%,1,3,5,2,9,12,7.5,11.6,2.3,20.9,0.0,0.0,0.0,0,0.0,0.0
Jordan Bell,,,PF,3500,MIN,TOR,0,111,,,103,102,3%,2,2,2,6,7,9,5.1,8.4,1.6,15.2,0.0,0.0,0.0,2.7,5.6,1.6
Noah Vonleh,,,PF,3500,MIN,TOR,0,111,14,16,103,102,3%,4,3,3,11,11,13,12.0,12.2,5.6,18.8,0.0,0.0,0.0,0,0.0,0.0
Stanley Johnson,,,SF,3500,TOR,@MIN,0,115,,,105,107,5%,0,2,2,6,9,5,3.9,3.6,0.0,7.2,0.0,0.0,0.0,2.7,1.5,0.4
Cristiano Felicio,,,C,3500,CHI,CLE,0,111,,,101,113,4%,2,1,1,11,8,8,2.9,2.9,-1.0,6.9,0.0,0.0,0.0,14,5.5,1.6
Matthew Dellavedova,,,PG,3500,CLE,@CHI,0,104,16,9,102,105,-16%,6,3,3,12,13,13,10.2,8.9,3.7,14.1,13.0,9.4,2.7,9.3,4.0,1.1
Paul Watson,,O,SG,3500,TOR,@MIN,0,115,,,105,107,2%,4,4,4,9,9,9,4.9,4.9,-0.4,10.3,0.0,0.0,0.0,0,0.0,0.0
Dewan Hernandez,,O,PF,3500,TOR,@MIN,0,115,,,105,107,-2%,2,1,1,2,3,3,3.6,3.6,-0.8,8.0,0.0,0.0,0.0,0,0.0,0.0
Wendell Carter,,O,C,3500,CHI,CLE,0,111,16,16,101,113,2%,11,9,9,36,31,31,30.1,29.7,21.8,37.6,0.0,0.0,0.0,0,0.0,0.0
Malcolm Miller,,,PF,3500,TOR,@MIN,0,115,,,105,107,5%,1,0,1,3,4,6,1.0,3.0,-1.9,7.9,0.0,0.0,0.0,0,0.0,0.0
Shaquille Harrison,,,PG,3500,CHI,CLE,0,111,,,101,113,7%,1,2,2,2,6,7,3.8,7.6,-2.7,17.9,0.0,0.0,0.0,8.4,9.0,2.6
Jaylen Nowell,,O,PG,3500,MIN,TOR,0,111,,,103,102,-2%,8,5,4,11,13,12,7.7,6.6,1.4,11.7,0.0,0.0,0.0,0,0.0,0.0
Jaylen Hoard,,,SF,3500,POR,@OKC,0,105,,,101,106,-12%,5,3,2,13,9,6,7.0,5.7,0.0,11.4,16.5,11.7,3.3,19.8,16.5,4.7
Rayjon Tucker,,,PG,3500,UTA,SAC,1,116,,,100,108,-4%,1,1,1,4,9,7,3.2,3.2,1.4,5.0,0.0,0.0,0.0,3.3,1.2,0.3
Miye Oni,,,SG,3500,UTA,SAC,1,116,,,100,108,-4%,0,0,0,3,3,3,0.1,0.1,-1.0,1.2,0.0,0.0,0.0,0,0.0,0.0
Jarrell Brantley,,O,SF,3500,UTA,SAC,1,116,,,100,108,-12%,0,0,0,4,4,4,5.7,5.7,2.2,9.1,0.0,0.0,0.0,0,0.0,0.0
Justin James,,,SG,3500,SAC,@UTA,2,107,,,101,105,-2%,1,1,3,3,3,9,2.4,7.2,-0.9,15.3,0.0,0.0,0.0,11.1,4.7,1.3
Justin Wright-Foreman,,,PG,3500,UTA,SAC,1,116,,,100,108,-4%,0,0,0,0,0,0,0.0,0.0,0.0,0.0,0.0,0.0,0.0,0,0.0,0.0
Nassir Little,,,SF,3500,POR,@OKC,0,105,13,9,101,106,-12%,1,2,3,8,9,12,6.2,8.4,0.2,16.5,27.5,18.6,5.3,20.4,18.7,5.3
Luguentz Dort,,,SG,3500,OKC,POR,0,111,,,104,109,8%,5,4,4,17,18,16,6.5,6.1,3.0,9.2,0.0,0.0,0.0,19.5,15.0,4.3
DaQuan Jeffries,,O,SF,3500,SAC,@UTA,2,107,,,101,105,-2%,1,1,1,5,5,5,2.4,2.4,-1.0,5.7,0.0,0.0,0.0,0,0.0,0.0
Wenyen Gabriel,,,PF,3500,SAC,@UTA,2,107,,,101,105,-3%,1,1,2,5,5,6,3.7,4.1,-1.1,9.4,0.0,0.0,0.0,0,0.0,0.0
Moses Brown,,,C,3500,POR,@OKC,0,105,,,101,106,0%,1,2,2,3,4,4,4.6,3.8,-0.3,8.0,0.0,0.0,0.0,0,0.0,0.0
Darius Bazley,3,,SF,3500,OKC,POR,0,111,13,7,104,109,1%,6,3,4,16,15,17,7.8,11.3,4.2,18.4,24.5,18.7,5.3,31.2,29.1,8.3
Nigel Williams-Goss,,O,PG,3500,UTA,SAC,1,116,,,100,108,-4%,1,1,1,3,4,3,4.2,2.4,-0.5,5.3,0.0,0.0,0.0,0,0.0,0.0
Kyle Guy,,O,SG,3500,SAC,@UTA,2,107,,,101,105,-2%,0,0,0,0,0,0,0.0,0.0,0.0,0.0,0.0,0.0,0.0,0,0.0,0.0
Juwan Morgan,,,PF,3500,UTA,SAC,1,116,,,100,108,-12%,2,1,1,6,5,4,2.0,1.6,-0.7,4.0,0.0,0.0,0.0,3.3,1.2,0.3
Mario Hezonja,1,,SF,3500,POR,@OKC,0,105,14,9,101,106,-8%,3,4,4,15,14,16,12.9,11.9,4.0,19.9,27.0,18.8,5.4,28.5,13.6,3.9
Georges Niang,,,PF,3500,UTA,SAC,1,116,15,12,100,108,3%,5,6,4,16,18,14,12.8,9.4,2.8,16.0,14.0,9.8,2.8,15.7,11.5,3.3
Yogi Ferrell,,,PG,3500,SAC,@UTA,2,107,19,12,101,105,-2%,4,3,4,9,6,13,3.6,9.4,3.2,15.6,0.0,0.0,0.0,3.3,5.5,1.6
Abdel Nader,,O,SF,3500,OKC,POR,0,111,16,11,104,109,10%,3,3,5,11,10,16,7.4,10.0,3.0,17.0,0.0,0.0,0.0,0,0.0,0.0
Rodney Hood,,O,SF,3500,POR,@OKC,0,105,14,12,101,106,-8%,8,9,9,31,31,32,20.0,21.1,13.6,28.5,0.0,0.0,0.0,0,0.0,0.0
Ed Davis,,,PF,3500,UTA,SAC,1,116,,,100,108,-12%,1,1,1,6,8,11,4.7,8.6,4.2,13.0,0.0,0.0,0.0,0,0.0,0.0
Andre Roberson,,O,SG,3500,OKC,POR,0,111,,,104,109,-5%,0,0,0,0,0,0,0.0,0.0,0.0,0.0,0.0,0.0,0.0,0,0.0,0.0
Skal Labissiere,,O,PF,3500,POR,@OKC,0,105,14,16,101,106,-12%,7,6,5,22,22,18,22.4,16.8,6.5,27.1,0.0,0.0,0.0,0,0.0,0.0
Caleb Swanigan,,,PF,3500,SAC,@UTA,2,107,,,101,105,-3%,1,1,1,5,4,3,2.2,2.8,0.3,5.3,0.0,0.0,0.0,0,0.0,0.0
Kevin Hervey,,,SF,3500,OKC,POR,0,111,,,104,109,1%,2,1,1,4,3,3,1.3,1.3,-1.0,3.6,0.0,0.0,0.0,0.5,0.0,0.0
Hamidou Diallo,2,,SG,3500,OKC,POR,0,111,18,10,104,109,-5%,8,6,7,18,18,20,9.6,15.3,7.7,22.9,25.0,17.8,5.1,32.9,5.2,1.5
Terrance Ferguson,,O,SG,3500,OKC,POR,0,111,9,5,104,109,-5%,6,5,5,25,27,27,13.5,11.2,5.9,16.4,0.0,0.0,0.0,0,0.0,0.0
Zach Collins,,O,PF,3500,POR,@OKC,0,105,,,101,106,0%,5,6,6,28,29,29,16.8,16.8,13.5,20.1,0.0,0.0,0.0,0,0.0,0.0
Justin Patton,,,C,3500,OKC,POR,0,111,,,104,109,6%,3,2,2,6,5,5,3.2,3.2,1.4,5.0,0.0,0.0,0.0,0,0.0,0.0
Deonte Burton,,,SG,3500,OKC,POR,0,111,,,104,109,8%,3,3,3,6,7,8,5.7,4.9,-0.2,10.0,13.5,9.0,2.6,16.8,14.6,4.2
Charles Brown,,,SG,3500,ATL,DET,0,113,,,101,110,8%,4,2,2,6,6,6,5.1,5.1,1.2,8.9,0.0,0.0,0.0,0,0.0,0.0
Grant Williams,1,,PF,3500,BOS,PHO,1,112,13,7,104,108,1%,3,3,3,11,12,15,8.2,9.4,2.2,16.5,22.0,15.8,4.5,12.6,0.2,0.1
Tremont Waters,,,PG,3500,BOS,PHO,1,112,,,104,108,3%,4,4,4,6,8,8,8.6,8.6,0.8,16.5,0.0,0.0,0.0,16.6,15.1,4.3
Terance Mann,,,SG,3500,LAC,@NOR,1,121,,,105,110,7%,3,2,2,8,7,9,2.4,5.5,-1.9,12.8,0.0,0.0,0.0,0.1,0.0,0.0
Louis King,,O,SF,3500,DET,@ATL,2,114,,,106,110,7%,1,2,2,2,3,3,3.2,3.2,-0.5,7.0,0.0,0.0,0.0,0,0.0,0.0
Gerald Green,,O,SF,3500,HOU,LAL,2,119,,,103,102,-1%,0,0,0,0,0,0,0.0,0.0,0.0,0.0,0.0,0.0,0.0,0,0.0,0.0
Romeo Langford,,,SG,3500,BOS,PHO,1,112,,,104,108,3%,1,1,2,7,5,10,2.5,4.9,0.0,9.9,0.0,0.0,0.0,0,0.0,0.0
Vince Carter,,,SF,3500,ATL,DET,0,113,16,6,101,110,-3%,5,4,5,16,13,15,9.9,10.3,3.3,17.4,11.0,8.5,2.4,10.1,9.2,2.6
Jared Dudley,,,SF,3500,LAL,@HOU,2,117,,,106,107,8%,3,2,1,17,13,9,6.2,4.8,-0.3,9.9,14.0,8.5,2.4,4.2,1.5,0.4
Wesley Matthews,,,SG,3500,MIL,@BKN,1,123,12,8,105,105,0%,6,6,6,28,25,25,8.9,14.1,6.9,21.2,25.0,15.0,4.3,26.6,19.9,5.7
Devontae Cacok,,O,PF,3500,LAL,@HOU,2,117,,,106,107,3%,0,0,0,0,0,0,0.0,0.0,0.0,0.0,0.0,0.0,0.0,0,0.0,0.0
Zylan Cheatham,,,PF,3500,NOR,LAC,1,115,,,105,104,-5%,1,2,2,8,10,10,4.7,4.7,0.5,9.0,0.0,0.0,0.0,0,0.0,0.0
B.J. Johnson,,,SF,3500,ORL,@GSW,1,110,,,103,109,-1%,7,4,4,15,9,9,5.5,5.5,-2.4,13.3,0.0,0.0,0.0,0,0.0,0.0
Gary Clark,,,PF,3500,ORL,@GSW,1,110,12,12,103,109,-1%,5,4,4,19,15,12,10.9,9.2,0.9,17.4,0.0,0.0,0.0,12.4,10.0,2.9
Kenny Wooten,,,PF,3500,NYK,PHI,1,108,,,101,104,-9%,0,0,0,0,0,0,0.0,0.0,0.0,0.0,0.0,0.0,0.0,0,0.0,0.0
Cameron Reynolds,,,SG,3500,MIL,@BKN,1,123,,,105,105,10%,0,0,0,0,0,0,0.0,0.0,0.0,0.0,0.0,0.0,0.0,0,0.0,0.0
Tariq Owens,,O,C,3500,PHO,@BOS,1,108,,,102,103,-5%,0,0,0,0,0,0,0.0,0.0,0.0,0.0,0.0,0.0,0.0,0,0.0,0.0
Jared Harper,,O,PG,3500,PHO,@BOS,1,108,,,102,103,-9%,0,0,0,0,0,0,0.0,0.0,0.0,0.0,0.0,0.0,0.0,0,0.0,0.0
Norvel Pelle,,,PF,3500,PHI,@NYK,0,112,,,102,112,-2%,3,3,2,13,13,11,13.7,11.2,3.5,18.8,12.0,12.1,3.5,15.2,13.8,3.9
Kyle Korver,,,SG,3500,MIL,@BKN,1,123,15,10,105,105,0%,6,4,5,20,15,17,7.9,11.7,5.4,18.0,14.0,10.1,2.9,17.1,13.9,4.0
Jordan Bone,,O,PG,3500,DET,@ATL,2,114,,,106,110,1%,2,2,2,5,4,4,1.6,1.6,-1.4,4.7,0.0,0.0,0.0,0,0.0,0.0
Vincent Poirier,,,C,3500,BOS,PHO,1,112,,,104,108,1%,2,2,2,4,4,5,4.3,4.4,-0.8,9.6,0.0,0.0,0.0,0,0.0,0.0
Vic Law,,O,SF,3500,ORL,@GSW,1,110,,,103,109,-1%,0,0,0,0,0,0,0.0,0.0,0.0,0.0,0.0,0.0,0.0,0,0.0,0.0
Bruno Fernando,,,PF,3500,ATL,DET,0,113,16,11,101,110,8%,4,3,3,9,11,12,8.7,9.8,3.2,16.5,0.0,0.0,0.0,17.6,12.6,3.6
William Howard,,O,SF,3500,HOU,LAL,2,119,,,103,102,-7%,0,0,0,0,0,0,0.0,0.0,0.0,0.0,0.0,0.0,0.0,0,0.0,0.0
Nene Hilario,,O,C,3500,HOU,LAL,2,119,,,103,102,-12%,0,0,0,0,0,0,0.0,0.0,0.0,0.0,0.0,0.0,0.0,0,0.0,0.0
Blake Griffin,,O,PF,3500,DET,@ATL,2,114,28,12,106,110,7%,14,14,14,28,29,29,24.5,27.3,19.4,35.1,0.0,0.0,0.0,0,0.0,0.0
Javonte Green,,,SG,3500,BOS,PHO,1,112,14,14,104,108,1%,2,2,2,8,8,8,8.5,6.2,0.8,11.5,13.5,12.1,3.5,17.4,16.8,4.8
Nicolas Claxton,,,PF,3500,BKN,MIL,2,112,,,107,100,1%,1,1,2,10,10,12,6.0,8.2,2.3,14.1,14.0,9.1,2.6,19,30.7,8.8
Mfiondu Kabengele,,,SF,3500,LAC,@NOR,1,121,,,105,110,4%,2,3,2,5,5,4,5.1,4.5,0.1,9.0,0.0,0.0,0.0,0,0.0,0.0
Alen Smailagic,,O,PF,3500,GSW,ORL,1,104,,,101,104,-3%,2,3,3,10,8,10,7.5,9.7,5.5,13.9,0.0,0.0,0.0,0,0.0,0.0
Stephen Curry,,O,PG,3500,GSW,ORL,1,104,,,101,104,-3%,14,17,17,26,28,28,37.5,37.5,25.6,49.4,0.0,0.0,0.0,0,0.0,0.0
Thanasis Antetokounmpo,,,SF,3500,MIL,@BKN,1,123,,,105,105,-13%,2,1,2,4,3,4,0.6,3.4,-1.9,8.7,0.0,0.0,0.0,0,0.0,0.0
Amir Coffey,,,PF,3500,LAC,@NOR,1,121,,,105,110,4%,2,2,2,3,3,3,3.3,3.3,-1.3,7.8,0.0,0.0,0.0,0,0.0,0.0
Tacko Fall,,O,C,3500,BOS,PHO,1,112,,,104,108,1%,3,3,3,6,5,5,8.8,8.8,7.1,10.4,0.0,0.0,0.0,0,0.0,0.0
Jalen Lecque,,,PG,3500,PHO,@BOS,1,108,,,102,103,-9%,0,0,0,0,0,0,0.0,0.0,0.0,0.0,0.0,0.0,0.0,0,0.0,0.0
Carsen Edwards,,O,PG,3500,BOS,PHO,1,112,18,7,104,108,3%,4,2,4,7,6,10,2.8,6.8,-0.2,13.8,0.0,0.0,0.0,0,0.0,0.0
Thabo Sefolosha,,,SF,3500,HOU,LAL,2,119,10,9,103,102,-4%,2,1,2,11,7,10,4.4,6.9,1.4,12.4,0.0,0.0,0.0,6.5,4.2,1.2
Tyson Chandler,,,C,3500,HOU,LAL,2,119,,,103,102,-12%,0,0,1,9,8,9,4.0,6.4,-0.2,13.0,0.0,0.0,0.0,9.8,2.6,0.7
Marial Shayok,,O,SG,3500,PHI,@NYK,0,112,,,102,112,2%,0,0,0,0,0,0,0.0,0.0,0.0,0.0,0.0,0.0,0.0,0,0.0,0.0
Chris Clemons,,,PG,3500,HOU,LAL,2,119,,,103,102,-3%,7,6,5,10,12,9,12.6,8.1,-2.1,18.3,0.0,0.0,0.0,0,0.0,0.0
Talen Horton-Tucker,,O,SG,3500,LAL,@HOU,2,117,,,106,107,2%,1,1,1,3,3,3,3.0,3.0,0.9,5.1,0.0,0.0,0.0,0,0.0,0.0
Ignas Brazdeikis,,,SF,3500,NYK,PHI,1,108,,,101,104,-9%,1,3,2,3,8,6,4.1,3.3,0.1,6.6,0.0,0.0,0.0,0,0.0,0.0
Jevon Carter,,,PG,3500,PHO,@BOS,1,108,15,9,102,103,-9%,3,2,3,7,6,13,3.2,10.2,2.4,18.1,0.0,0.0,0.0,17.2,12.2,3.5
James Ennis,,,SF,3500,PHI,@NYK,0,112,15,12,102,112,1%,5,5,5,13,16,18,11.4,13.8,6.8,20.8,13.5,11.5,3.3,11.2,11.4,3.3
Langston Galloway,,,SG,3500,DET,@ATL,2,114,16,13,106,110,7%,5,5,8,22,20,25,8.9,16.8,9.5,24.0,15.5,10.9,3.1,27.4,26.6,7.6
Brad Wanamaker,5,,PG,3500,BOS,PHO,1,112,17,12,104,108,3%,6,5,5,18,19,20,14.2,15.7,10.0,21.4,23.5,19.6,5.6,22.6,4.2,1.2
Kevon Looney,,O,C,3500,GSW,ORL,1,104,,,101,104,-6%,2,3,3,7,10,11,6.2,7.6,4.0,11.1,0.0,0.0,0.0,0,0.0,0.0
Jonah Bolden,,,PF,3500,PHI,@NYK,0,112,,,102,112,8%,1,1,1,2,2,2,2.0,2.0,-2.2,6.2,0.0,0.0,0.0,0,0.0,0.0
Tyler Johnson,,,PG,3500,PHO,@BOS,1,108,17,8,102,103,-4%,5,5,6,12,11,17,6.6,11.9,5.3,18.4,10.0,6.8,1.9,0,0.0,0.0
Frank Kaminsky,,O,PF,3500,PHO,@BOS,1,108,21,15,102,103,1%,6,7,9,18,17,23,17.1,22.2,12.1,32.3,0.0,0.0,0.0,0,0.0,0.0
Pat Connaughton,,,SG,3500,MIL,@BKN,1,123,13,11,105,105,0%,4,5,5,19,22,19,13.0,15.1,8.3,21.9,16.0,13.3,3.8,5.5,0.2,0.1
Trey Burke,,,PG,3500,PHI,@NYK,0,112,21,17,102,112,2%,4,5,6,7,12,14,9.2,12.3,1.7,23.0,0.0,0.0,0.0,0,0.0,0.0
Ivan Rabb,,,PF,3500,NYK,PHI,5,108,,,101,104,-9%,0,0,0,0,0,0,0.0,0.0,0.0,0.0,0.0,0.0,0.0,,0.0,0.0
Cheick Diallo,,,PF,3500,PHO,@BOS,1,108,,,102,103,1%,1,1,3,8,8,9,5.8,9.0,-0.1,18.1,12.5,10.7,3.1,3.5,3.2,0.9
D.J. Wilson,,P,PF,3500,MIL,@BKN,1,123,,,105,105,-2%,3,2,3,8,5,10,4.7,7.0,0.4,13.6,12.5,11.6,3.3,5,4.7,1.3
Johnathan Motley,,,PF,3500,LAC,@NOR,1,121,,,105,110,4%,1,0,1,3,2,2,3.5,3.4,0.6,6.2,0.0,0.0,0.0,0,0.0,0.0
Damyean Dotson,,,SG,3500,NYK,PHI,1,108,17,10,101,104,-4%,7,7,6,17,16,17,10.6,11.0,3.9,18.2,19.5,13.3,3.8,0,0.0,0.0
Raul Neto,,,PG,3500,PHI,@NYK,0,112,18,12,102,112,2%,4,3,3,11,6,11,6.5,8.0,1.0,15.0,0.0,0.0,0.0,8.3,12.7,3.6
Sterling Brown,,,SG,3500,MIL,@BKN,1,123,16,10,105,105,0%,6,4,5,12,10,16,10.9,13.5,4.9,22.1,0.0,0.0,0.0,5.5,6.1,1.7
Derrick Walton Jr.,,,PG,3500,LAC,@NOR,1,121,,,105,110,7%,1,2,2,5,9,10,2.4,4.8,-0.3,10.0,0.0,0.0,0.0,0,0.0,0.0
Michael Frazier II,,,SG,3500,HOU,LAL,2,119,,,103,102,-1%,3,3,3,7,7,7,5.0,5.0,2.2,7.9,0.0,0.0,0.0,0.3,0.0,0.0
Amile Jefferson,,,PF,3500,ORL,@GSW,1,110,,,103,109,-1%,2,1,1,11,8,5,6.2,3.5,-1.1,8.1,0.0,0.0,0.0,0,0.0,0.0
Dario Saric,4,,PF,3500,PHO,@BOS,1,108,17,12,102,103,1%,8,6,9,24,22,26,14.2,22.5,10.9,34.1,27.5,20.6,5.9,37.1,31.7,9.1
Jahlil Okafor,,,C,3500,NOR,LAC,1,115,20,18,105,104,3%,13,6,6,24,13,17,18.8,17.8,5.0,30.6,0.0,0.0,0.0,0,0.0,0.0
Treveon Graham,,,SG,3500,ATL,DET,0,113,13,6,101,110,3%,3,3,5,11,15,20,7.2,11.4,4.3,18.5,0.0,0.0,0.0,12.7,4.0,1.1
Frank Mason,,,PG,3500,MIL,@BKN,1,123,,,105,105,10%,2,2,2,4,4,4,4.2,4.2,1.1,7.4,0.0,0.0,0.0,0,0.0,0.0
Semi Ojeleye,,,SF,3500,BOS,PHO,1,112,8,6,104,108,1%,3,2,2,13,15,14,4.5,6.3,0.9,11.7,17.5,9.0,2.6,9,0.0,0.0
Dragan Bender,,,PF,3500,MIL,@BKN,1,123,,,105,105,-2%,2,3,3,17,13,13,10.3,10.3,5.0,15.6,0.0,0.0,0.0,20.6,13.7,3.9
Timothe Luwawu,,,SG,3500,BKN,MIL,2,112,13,6,107,100,-4%,4,3,4,16,15,18,8.3,9.8,2.4,17.2,19.0,12.4,3.5,19.7,15.3,4.4
Jacob Evans,,O,SG,3500,GSW,ORL,1,104,19,3,101,104,1%,5,5,5,13,15,15,9.2,8.6,1.7,15.4,0.0,0.0,0.0,0,0.0,0.0
Dzanan Musa,,,SF,3500,BKN,MIL,2,112,19,8,107,100,-4%,4,4,4,9,10,13,9.5,8.8,1.9,15.7,0.0,0.0,0.0,12.7,17.2,4.9
Shake Milton,,,PG,3500,PHI,@NYK,0,112,,,102,112,0%,3,3,4,9,8,9,7.0,6.0,-0.3,12.2,0.0,0.0,0.0,0,0.0,0.0
Patrick Patterson,,,PF,3500,LAC,@NOR,1,121,15,12,105,110,4%,5,4,4,9,9,14,6.1,9.9,2.1,17.8,13.0,9.3,2.7,5.6,6.8,1.9
Elie Okobo,,,SG,3500,PHO,@BOS,1,108,18,14,102,103,-9%,4,4,4,18,15,12,9.6,10.6,2.0,19.2,18.0,14.1,4.0,12.2,5.1,1.5
Al-Farouq Aminu,,O,PF,3500,ORL,@GSW,1,110,13,8,103,109,-1%,5,5,5,19,20,22,13.1,16.2,6.7,25.8,0.0,0.0,0.0,0,0.0,0.0
Wayne Ellington,,,SG,3500,NYK,PHI,1,108,15,6,101,104,-4%,3,4,4,15,15,14,8.9,8.2,2.2,14.3,0.0,0.0,0.0,0,0.0,0.0
Kenrich Williams,,,SF,3500,NOR,LAC,1,115,10,8,105,104,-5%,2,1,4,10,9,22,5.1,15.5,5.3,25.7,0.0,0.0,0.0,0,0.0,0.0
Allonzo Trier,,,SG,3500,NYK,PHI,1,108,,,101,104,-7%,5,5,4,8,11,12,5.4,9.6,1.7,17.6,0.0,0.0,0.0,13.3,2.4,0.7
Kostas Antetokounmpo,,O,PF,3500,LAL,@HOU,2,117,,,106,107,3%,0,0,0,2,2,2,0.9,0.9,0.1,1.7,0.0,0.0,0.0,0,0.0,0.0
Robin Lopez,,,C,3500,MIL,@BKN,1,123,16,12,105,105,7%,3,3,5,11,11,15,7.8,11.9,4.1,19.8,0.0,0.0,0.0,0,0.0,0.0
Melvin Frazier,,O,SF,3500,ORL,@GSW,1,110,,,103,109,4%,2,1,2,4,5,4,5.1,3.4,-0.1,6.9,0.0,0.0,0.0,0,0.0,0.0
Khyri Thomas,,O,SG,3500,DET,@ATL,2,114,,,106,110,7%,0,0,0,3,3,3,0.5,0.5,-0.2,1.2,0.0,0.0,0.0,0,0.0,0.0
Evan Turner,,O,SG,3500,ATL,DET,0,113,,,101,110,-3%,1,2,4,7,11,13,5.2,10.0,2.8,17.3,0.0,0.0,0.0,0,0.0,0.0
DeMarcus Cousins,,O,C,3500,LAL,@HOU,2,117,,,106,107,-2%,0,0,0,0,0,0,0.0,0.0,0.0,0.0,0.0,0.0,0.0,0,0.0,0.0
Dennis Smith Jr.,,O,PG,3500,NYK,PHI,1,108,22,6,101,104,-7%,4,5,6,9,12,16,13.5,12.8,3.8,21.7,0.0,0.0,0.0,0,0.0,0.0
Jonathan Isaac,,O,SF,3500,ORL,@GSW,1,110,18,17,103,109,-1%,13,10,10,31,31,31,39.8,33.8,21.4,46.2,0.0,0.0,0.0,0,0.0,0.0
Austin Rivers,,O,PG,3500,HOU,LAL,2,119,15,9,103,102,-3%,6,7,7,22,25,23,13.3,14.8,6.9,22.7,0.0,0.0,0.0,0,0.0,0.0
Furkan Korkmaz,,,SG,3500,PHI,@NYK,0,112,17,10,102,112,0%,12,8,7,24,20,21,16.0,14.1,6.1,22.1,21.5,16.2,4.6,21.5,17.0,4.9
Darius Miller,,O,SF,3500,NOR,LAC,1,115,,,105,104,-1%,0,0,0,0,0,0,0.0,0.0,0.0,0.0,0.0,0.0,0.0,0,0.0,0.0
Rodney McGruder,,,SG,3500,LAC,@NOR,1,121,10,7,105,110,-2%,2,2,4,16,15,17,8.2,9.7,2.4,17.0,18.0,12.5,3.6,32.4,15.6,4.5
Mohamed Bamba,3,,C,3500,ORL,@GSW,1,110,,,103,109,1%,5,4,5,17,15,15,15.7,16.8,9.4,24.3,15.5,17.4,5.0,14.7,30.9,8.8
Zhaire Smith,,O,SG,3500,PHI,@NYK,0,112,,,102,112,0%,0,0,0,0,0,0,0.0,0.0,0.0,0.0,0.0,0.0,0.0,0,0.0,0.0
Chandler Parsons,,O,SF,3500,ATL,DET,0,113,,,101,110,3%,3,4,4,10,11,11,7.8,7.8,0.2,15.3,0.0,0.0,0.0,0,0.0,0.0
Josh Gray,,,PG,3500,NOR,LAC,1,115,,,105,104,-2%,1,1,1,11,8,8,0.8,0.8,-1.0,2.6,0.0,0.0,0.0,0,0.0,0.0
Theo Pinson,,,SG,3500,BKN,MIL,2,112,24,5,107,100,2%,2,6,6,6,11,13,9.6,10.2,4.2,16.1,0.0,0.0,0.0,7.2,9.5,2.7
